sweep_id,name
64uvm7x9,gbt_regression_medium_default
taqxt5qp,gbt_regression_medium
h8nd1u7r,rf_regression_medium_default
q4x8ru8c,rf_regression_medium
1kw9ol8l,gbt_regression_large_default
liz3svgz,gbt_regression_large
e6rnf227,rf_regression_large_default
0qookhs2,rf_regression_large
4gawd7p9,gbt_classif_medium_default
wwv2sj0j,gbt_classif_medium
z12cz5qp,rf_classif_medium_default
b59rxmgy,rf_classif_medium
4436qylm,gbt_classif_large_default
vxe5n25u,gbt_classif_large
hlaek9r3,rf_classif_large_default
l5fpllou,rf_classif_large
l4igymlj,gbt_regression_medium_default
o255rrzw,gbt_regression_medium
fzxi18qx,rf_regression_medium_default
toqyqscl,rf_regression_medium
rlgpagjv,gbt_regression_large_default
evpbmkuf,gbt_regression_large
lbq4cbkt,rf_regression_large_default
0ol3umbh,rf_regression_large
hsswf8p1,gbt_classif_medium_default
y3l4n89d,gbt_classif_medium
e31mlmuh,rf_classif_medium_default
hqgrqc6m,rf_classif_medium
3oanwuvr,gbt_classif_large_default
dm0g5bxe,gbt_classif_large
y8dox1qe,rf_classif_large_default
lnh8b4ib,rf_classif_large
